{"cameraMode":{"drawMode":0,"name":"Shaded","section":"Shading Mode"},"sceneLighting":true,"audioPlay":false,"sceneViewState":{"showFog":true,"showMaterialUpdate":false,"showSkybox":true,"showFlares":true,"showImageEffects":true,"showParticleSystems":true},"in2DMode":false,"pivot":{"x":3.4709861278533937,"y":-1.0269700288772584,"z":-0.21814553439617158},"rotation":{"x":-0.12428989261388779,"y":-0.7111162543296814,"z":0.13013356924057008,"w":-0.6799553036689758},"size":2.6129603385925295,"orthographic":false}