{"cameraMode":{"drawMode":0,"name":"Shaded","section":"Shading Mode"},"sceneLighting":true,"audioPlay":false,"sceneViewState":{"showFog":true,"showMaterialUpdate":false,"showSkybox":true,"showFlares":true,"showImageEffects":true,"showParticleSystems":true},"in2DMode":false,"pivot":{"x":-0.14403586089611054,"y":0.43487629294395449,"z":-1.0631434917449952},"rotation":{"x":0.06795646995306015,"y":0.2790440618991852,"z":-0.01970057003200054,"w":0.9577385187149048},"size":0.08660254627466202,"orthographic":false}