{"cameraMode":{"drawMode":0,"name":"Shaded","section":"Shading Mode"},"sceneLighting":true,"audioPlay":false,"sceneViewState":{"showFog":true,"showMaterialUpdate":false,"showSkybox":true,"showFlares":true,"showImageEffects":true,"showParticleSystems":true},"in2DMode":false,"pivot":{"x":0.025335073471069337,"y":-0.06409168243408203,"z":0.4381915032863617},"rotation":{"x":0.27864986658096316,"y":0.6115698218345642,"z":-0.25314658880233767,"w":0.6958938241004944},"size":1.8015344142913819,"orthographic":false}