{"cameraMode":{"drawMode":0,"name":"Shaded","section":"Shading Mode"},"sceneLighting":false,"audioPlay":false,"sceneViewState":{"showFog":true,"showMaterialUpdate":false,"showSkybox":false,"showFlares":true,"showImageEffects":true,"showParticleSystems":true},"in2DMode":false,"pivot":{"x":-0.054999999701976779,"y":0.10000000149011612,"z":0.0},"rotation":{"x":-0.17608995735645295,"y":0.05666287615895271,"z":-0.01015370711684227,"w":-0.9826927781105042},"size":1.5866026878356934,"orthographic":false}