{"cameraMode":{"drawMode":0,"name":"Shaded","section":"Shading Mode"},"sceneLighting":true,"audioPlay":false,"sceneViewState":{"showFog":true,"showMaterialUpdate":false,"showSkybox":true,"showFlares":true,"showImageEffects":true,"showParticleSystems":true},"in2DMode":false,"pivot":{"x":-1.5746334791183472,"y":1.9536502361297608,"z":-1.4507637023925782},"rotation":{"x":-0.09525474160909653,"y":-0.27699539065361025,"z":0.027548840269446374,"w":-0.9558814167976379},"size":0.738810122013092,"orthographic":false}