{"cameraMode":{"drawMode":0,"name":"Shaded","section":"Shading Mode"},"sceneLighting":true,"audioPlay":false,"sceneViewState":{"showFog":true,"showMaterialUpdate":false,"showSkybox":true,"showFlares":true,"showImageEffects":true,"showParticleSystems":true},"in2DMode":false,"pivot":{"x":7.044045925140381,"y":-3.8307981491088869,"z":2.1182358264923097},"rotation":{"x":-0.20084762573242188,"y":-0.6217906475067139,"z":0.16933661699295045,"w":-0.7378835678100586},"size":5.966176986694336,"orthographic":false}