{"cameraMode":{"drawMode":0,"name":"Shaded","section":"Shading Mode"},"sceneLighting":true,"audioPlay":false,"sceneViewState":{"showFog":true,"showMaterialUpdate":false,"showSkybox":true,"showFlares":true,"showImageEffects":true,"showParticleSystems":true},"in2DMode":false,"pivot":{"x":-0.23652878403663636,"y":0.4421410858631134,"z":-0.35295236110687258},"rotation":{"x":0.192159503698349,"y":-0.06701411306858063,"z":0.013302811421453953,"w":0.9790996313095093},"size":0.7088723182678223,"orthographic":false}